{
	"run": "grid3_s_832_b8",
	"weights": "yolov8s.pt",
	"epochs": 120,
	"imgsz": 832,
	"batch": 8,
	"val_map50_95": 0.8393406250648404,
	"val_precision": 0.9878509653990242,
	"val_recall": 0.9382055891993674,
	"val_box_loss": 0.66071,
	"score": 0.8458898841205635
}